CODE,ORIGINAL ARTIST,SONG TITLE
13809,8 BALL,BERTAHAN HIDUP
279,,BE FREE
18185,,THE GUIDING LIGHTS
13376,,RINDU MAMA
2197,KOES PLUS,KEMANA
16292,,TERBUAI ASMARA
13750,,MMM PENGEN
29,,BAHASA CINTA
17708,,KEHATIMU SELAMANYA
11638,,IDK HOW TO FALL
2457,KOES PLUS,TARI SELENDANG
14238,ABEL HURAY,MAIN THEME FROM 13 BOM DI JAKARTA
6622,STRANGERS,TANGISAN IBU PERTIWI
9400,HINDIA,TIDAK ADA SALJU DI SINI PT 4
14892,MIKHA TAMBAYONG,INI INDONESIA
18020,,PANGGIL AKU SAYANG
14691,GLENN FREDLY,TANDA MATA
735,,DUSTA
1666,NAFF,DIA KEKASIHKU
11479,,PUJA PAU SEN TA TI / PAU SEN TA TI SUNG KE
12517,ARI PRAMUNDITO,KARENAMU
14513,,TUJUH BELAS JUNI
6285,,LINGSO TRISNO
8680,,GADIS BERGELANG EMAS
13645,,ORA NITIK
12035,,GANJAR DI HATI
1643,,A.N.G
2806,,MADJANG
13719,8 BALL,WARTEG (WARGA TEGAR)
11322,DANIEL TANDIROGANG,SAMARI PUANG
2199,KOES PLUS,SENDIRI DAN RAHASIA
1466,,BIDADARI JIWA
8228,,JANGAN KAU SIKSA
15392,,JANJIKU
2420,,RASA SEDIH TIADA ARTI
1672,,SEKALI LAGI (MELATI)
3915,,THE LAND OF MAJENE
9053,,BERNAPAS DENGANKU
6119,,BY THE BOOK
13172,"ALSA, CHRIS ANDRIAN YANG",INEVITABLE
2410,,SENANG-SENANG BERGEMBIRA
13793,8 BALL,DITES VOTRE AMOUR
9102,,BINTANG YANG BERSINAR
8712,JANUARY CHRISTY,KERETA
8975,,ONE LAST DANCE
2730,,AKHIR WAKTU
11112,DIOSDU,WHERE IS YOUR HEART
3001,,DIAM TAK BICARA
8984,DIDIT SAAD,HONESTLY I DONT
763,,GENERASIKU
14038,SOEGI BORNEAN,ASMALIBRASI
3329,,KPK (KEMBALILAH PADA KEKASIHMU)
13761,8 BALL,SENSUAL IMITASI
2962,,BRIGHT AS THE SUN
8723,,BUATKU KAU TERBAIK
13979,,LAWAN PENJAHAT KORUPSI
18340,HENKIE SAHURILLA,KASIHNYA
14812,AINAN TASNEEM,SETENGAH HATI
2206,,LOMPAT KATAK
17081,,JYADA JACHDI
697,,MENGENANGMU
5670,,BUKU HARIAN SEORANG GADIS
17500,CLOSURE,COLDROOM
17058,,BANGSAKU INDONESIA
16949,MOMONON,WE ARE BROTHER
6204,,LINDU
180,NAIF,LAGU WANITA
11297,,DILANDI OMO KADADIANNA
9318,SASYA ARKHISNA,TATANAN ATI
2208,KOES PLUS,ADIK PANDAI BERJALAN
6610,DIDI KEMPOT,NGANTI KURU
4681,,BERSAMA
7931,,AIR TRAILS (CHILL VERSION)
12294,,AKU MEMANGGIL
13460,JUSTY ALDRIN & RINA SAINYAKIT,DUA RAJA SATU HATI
18541,THE SKIBERS,LAURIE WEBB
16599,,SPASI
16327,ADA BAND,JALAN HIDUPKU
11100,,TETAPLAH TERLELAP
4945,LOTUS FROM JAKARTA,SECRET INVASION
12405,APE ON THE ROOF,RISE
7348,,VIVA RRQ
15138,,BINI TUA
14734,,KOMODO SUNSET
4901,"HAPPY ASMARA, RAY SHARIR",RASA YANG SALAH
6901,,KURSANG
918,ARSHA COMPOSER,SELAMAT BERBAHAGIA DENGANNYA
3087,MAIZURA,AKU TANPAMU
13656,,EMAN TENAN
12156,RIZKY FEBIAN,BERONA
10036,CYA,JBAML (JANGAN BUAT AKU MENUNGGU LAMA)
13630,,HATI SO LELAH
1601,,BILA KAU PERGI NANTI
13598,,KLANGENANKU
3094,,TATTOOED LOVE
3775,ASTERISKA,YOU
16266,,YOU LOOK SO BEAUTIFUL
15406,,GANDONG
932,,TEMPTATION
17181,,NINA BOBO
7552,,PELANGI SEMU
14949,,OVERTHINKING
10794,NADA TAO,BATU GIOK PERLU DIASAH / YI PU CUOK PU JEN JI
3827,ANDREA MIRANDA FEAT TEZA SUMENDRA,SAMA
10025,,SOROP E SERENG
4607,MOMONON,TEH DINGIN
4004,KELOMPOK PENERBANG ROKET,EKSPEDISI 69
1260,,TUHAN TIDAK TIDUR
10401,,TERANG KEMBALI
7290,,C.H.R.I.S.Y.E
11525,DAMAR MURUP,ROSO PANGROSO ( SINOM SASTRO GENDHING )
1525,,HABIS 1+1
12430,,HAVE YOU TRY?
18332,BRIGITA TAN,MATI RASA
15628,,TENTANG KAMU
14385,,TANPA HADIRMU
11493,NADA TAO,NYANYIAN KWAN KONG / KWAN SEN MIAU CE KE
900,RISIN BLACK HOLE,DONT WANNA LOSE YOU
5354,RENDY PANDUGO,PAPER HEART
1181,,TERLUKA
3211,DIDITSAAD,MALAM MINGGU DI TAMAN
11695,GUNAWAN LIDA,BINTANG TERTUTUP AWAN
11822,,SINGAPORE
9193,MIKA RAFELLO,LOCKDOWN SYNDROME
13222,MONKEY TO MILLIONAIRE,HUJAN
37,SAMSONS,DI UJUNG JALAN
3263,,TIRANI
18374,FIGURA RENATA,ELEGI
7,,AKHIR RASA INI
14390,,KATANYA MERDEKA
13605,,KUDU RUMASA
2679,EFEK RUMAH KACA,LAGU KESEPIAN
13354,TOTON CARIBO FT. GERVLDO19XX,NAME UP
3237,CHRISYE,SUATU PERSEMBAHAN CINTA
14861,JUNNO,GELISAH
16738,,SEMARANG KALI MANTAN
6106,INDRAGERSN,CLOSE MY EYES
14110,,SEBELUM TERLANJUR
4095,NINA,PADA SAATNYA NANTI
2923,,BERSINAR UNTUKKU
4532,,RINDU
4943,,BURYALE
2905,7 KURCACI,BERAKHIR DENGAN SENYUMAN
12760,CARELESS 061,HIDUP
8,SAMSONS,KENANGAN TERINDAH
8012,,BANGKAI
16425,,KALIAN SEMUA PEMBUNUH
11350,ISHAK RANTE TODING,DANKE PAR ALE
1605,NAFF,DOSA APA
7806,HOALA & KOALA,DI RUMAH SAJA
6720,TAMI AULIA,TETAPLAH DI SINI
3847,,MAMA PAPA HAPPY
11883,,CAPE DECH
11532,SYUBBANUL MUSLIMIN,YO CA KANCAH SHOLAWAT BUSYRO
3868,,I SAILED ACROSS THE SEA
5013,PAKDHE BAZ / DHE BAZ,TAK SANDING SLIRAMU
15087,DHIRA BAND,UNTUK APA
4746,RIDWAN,CINTA APA ADANYA
1821,ST12,PUTRI IKLAN
17857,BIGWAVE,BOHONG
13789,8 BALL,JANGAN RAGU
17998,,AVAS BREAKDOWN
5085,BARASUARA,API DAN LENTERA
10502,,SAUDARA TUA
1959,,#JANGANDIANGGAPREMEH
13996,,KILL YOUR STYLIST
16804,RABEN,SEPERTI HUTAN
4710,,LOVE JOKES
17008,,KAU YANG HILANG
6491,KOES PLUS,KAN KU SONGSONG HARI ESOK
16708,,3 KATA AJAIB
18146,THE CHRONICLES OF HAPPINESS RIDE AND SERVICES,AKU BAIK-BAIK SAJA
10523,,TARAWIH
14522,INDRA7,⁠SEROTONIN 6 AM
17303,,PESONA
2758,HIVI!,APA ADANYA
17622,,"SEPERTI NAMA HARI, LAGU BERPOTENSI ABADI"
4604,,MODUS
395,LA LUNA,BULAN
11783,GANGGA,DREAMIN OF YOU
4644,RUTH SAHANAYA,JANGAN SEMUDAH INI
11885,,EMANG KENAPE
17174,,LIFE
14145,ALENA WU,怀念家乡 (MISS MY HOMETOWN)
17516,,NEVER IN YOU
13922,,DISINI
17965,,IN A FIYA
16554,ANDY HISTORI,BERSAMAMU AKU SENANG
5756,,WAHAI ORANG BERIMAN
17936,GANGSTARASTA,SEMINGGU
7641,ONEWAY,SERIBU TAHUN LAGI
2847,,TAMASYA SENDIRI
12813,"EXOTHEBAND feat DEKKA MAYO , KENATHA",MENUNGGU APALAGI
16604,DEABDIL,"BUMI, BULAN, MATAHARI"
8534,,SUBSTANSI
10011,BOWO,SEMPURNA UNTUK KU
859,,SIKAT BOTI AWAS MATI
4131,,SEMU
4580,DAMON KOESWOYO,AMPUNI AKU
15287,,WAKTU YANG PALING TEPAT
14989,,JAGA HATI
17615,,"PERTEMUAN, PERPISAHAN, HARAPAN"
10825,"DZEE, CANDRA KIM",DINDA KECIL
15075,,A LOVE LETTER
12769,,KU SETIA PADAMU
4815,,TANPAMU
10673,BILAL INDRAJAYA,PURNAMA
17287,ATLESTA,DONT NEED LOVE
17855,SOULJAH,BILANG I LOVE YOU
3380,KIDNAP KATRINA,DIAM (JANGAN BERSUARA)
14733,,GEGO LAU LE
5816,,B.D.I
7683,BOBBY FEBIAN,MULIA
654,ANANG DAN KRISDAYANTI,SUDAHI MARAHMU
17150,ALEX KUPLE,IN YOUR HEAD
7159,ALENA WU,HERE WITH ME
13066,,JANGAN KEMBALI
9970,,TUHAN KEMBALIKAN DIA
146,NAIF,BUNGA HATI
8887,GOOD OL DREAMS,TENTANG LAGU
7825,,BRUSHDTROKES ESEMBLE
6543,KOES PLUS,PERASAAN CINTAKU
4722,,TRAGEDI TRAGIS 1989
16497,IGOY JANGKUNG,HOYONG KASALIRA
11241,OCTOBER RAIN,PELESIRAN
15112,HI.JO,BEDA BAHAGIA
11145,,SAHABATKU
17926,GOLDFACE,PUTUS
4729,WILLY ANGGAWINATA & BRIGITTA TIFANNY,CERITA KITA
16605,,SATU-SATUNYA
5711,BIMBO,KITA ADALAH SATU
13322,ABIEM PANGESTU FEAT ESA RISTY,NANDUR LORO
8973,,STARTING OVER
13119,ARI AMNAN,LOST IN THE BLACK HOLE
15645,"ARNANDO PUTRA, CHIEMI YOSHIDA, JUNNA ADACHI",I THOUGHT IT WAS CLEAR
3333,VOPSTFM,CERITAKU
2605,SAYKOJI & SHERYL,LINE TODAY NEWS
7250,,"DEBBIE & RATIH: KARIER, CINTA & TIMBANGAN"
17580,GERAP GURITA,BERDIRI
8581,,UNREACHABLE
11562,,AKU PUNYA BURUNG
17026,COKI & THE BLUR AMBIENCE,BARA CINTA
17871,,HANYA INGIN PULANG
10847,PATRIA NK,BELANDA MASIH JAUH
728,SARAH AZHARI,SEMESTINYA
4192,SKINNYFABS,CIRCUS
14187,,I AM YOURS
4956,,MATA-MATA HARIMU
10279,,INI KENALAN LO KAN
11447,,PILIHAN HATIMU
6680,,CHANTEPLEREU
11303,,KEMAMALIRAN
6514,KOES PLUS,LUKA
6388,,SATU MALAM
10321,"FRANDY, BESTA BLOOM",INDONESIAKU
9287,LA HILA,SENDIRI DULU
17222,ANGEST,UANG KULIAH TINGGI
3423,,HIGH
1725,,KATAKAN
9896,GALYAS,AKULAH YANG MENCINTAIMU
17710,,KEMBANG ILALANG
3459,CINTA HARICI,AMPUNI AKU
15281,NOIN BULLET,HEART BEAT SLOW
8893,,JANGAN SAMPAI LELAH
14929,JESUS INSIDE MUSIC,KUPERCAYA SALIBMU
14563,,PYGC
5611,,NAPAK TILAS
8347,BAGUS ANANDA,UNTUK INDONESIA
2912,,H U & D
9352,,AKU SUKA SAYUR
16951,FAYE RISAKOTTA,THE WAY TO GO
2378,KOES PLUS,DU DU DU
18535,THE SKIBERS,THE THIRD COMING
1398,UNGU,DOA
18136,BAIM,BERSAMAMU
18174,HINDIA,PERKARA TUBUH
682,KRISDAYANTI,JANGAN USAI
5876,,ADAKAH SENYUMMU UNTUKKU
6433,KOES PLUS,BERNYANYI SAMBIL MENARI
12493,,LET ME (FEAT. RIFKA RACHMAN)
17320,,ESSENTIAL LOVE
11120,,SOMETHING SOMETHING INSANE
2256,KOES PLUS,HATIKU HATIMU
15117,,ABANG SAYANG
15288,KOJEK,TAHAN NAPSU
13312,DIAN AGUSTIN,RAMADHAN SYAHRU SYIAM
4739,OLLY OXEN,JAUHARI
10549,,GHOST TOWN
14072,AZIZ DHANU,HASRAT DIRI
9194,MIKA RAFELLO,KETIKA AKU DI KETIKA
10285,,KALAU TEROWONGAN INI
9330,,JAVA CHINESE
8869,TRI SUAKA,BISAKAH TANPAMU
8538,CALISTA AMADEA,BUTTERFLY
15427,"DODDIE, TONGKIE",PLEASE
4194,,CINTAI DENGAN ABADI
7945,PAKDHE BAZ,SESISIH MOTO
1663,NAFF,TERENDAP LARAKU
4758,FYN,QUANTUM CINTA
3922,,MATA KETIGA CINTA
3448,KENNY FEAT SARA FAJIRA,YOU KNOW
10144,"DELON, IRENE REJOICE",INDAH PADA WAKTUNYA (FEAT. IRENE REJOICE)
14265,,PERJUANGAN TERAKHIR
3905,ANDRE HARIHANDOYO,THE BOY IN LOVE
11650,DIPAREYNARDI,RELAX
5901,DJAKA BIMBO,MASS MEDIA
4360,TEDDY ADHITYA,ALL OF EM
8270,,JULA JULI SURABOYO
1500,FLANELLA,ANJELIE
6876,DIDI KEMPOT,YUNI YUNI
14137,THE BRANDALS,100 KM/JAM
17112,DELISHA OKTA,APA BISA
2232,,LARUT SENJA
8871,ANGGA CANDRA,TUNGGU SEJENAK
12795,ALEX KUPLE,SILENCE
18351,DESTROY YOU (AGAIN),NAYKILLA
15393,,THANK YOU
16541,,HANYA YESUS TUHAN
17042,,PUJILAH YAHWEH
1470,,SEJAUH APAPUN
2668,,INSOMNIA
10340,RIDA RSD,HARMONI ALAM
8425,IFY ALYSSA,WHAT ABOUT US?
13926,,TERAS & ANGIN MALAM
10656,NATHANIA WIBOWO,TANPA BANYAK BICARA
8218,KOES PLUS,PAK TANI
9647,,AWAL
10665,"SEXY GOATH, BONIE MC",SA AE LAU
9995,MKARTIKAWATI,HAPPY BIRTHDAY
17418,"ARIBOWOID, NITA REVIANA",LUNGO NINGGAL CERITO
47,SAMSONS,SELAMAT TINGGAL
17388,DANIEL RUMBEKWAN,DOA
783,,SUARA
6515,KOES PLUS,MAAFKAN AKU
15514,POP UP,BORING
2490,KOES PLUS,JUMPA 123
1859,THE RAIN,DENGAR BISIKKU
1671,NAFF,NELANGSA
12347,,TAKKAN BERPALING
10431,NO KOES,SANG SURYA
13673,,TATU JERU
5968,PANDEGLANG VARIOUS ARTIST,WAYAHNA LUR
17723,NATASHA,MATAHARI
18006,,BUKAN SURGA HARAPANKU
18199,BUNGEN,MELANKOLI KOTA
5826,,KUCARI TEMAN
5443,,MAKNA CINTA
9135,,BEFORE YOU
13663,JAKA ROHMANA,TERKETUK CINTA
4157,EZZAR,KITA (SEKEDAR PESAN)
18395,FIGURA RENATA,TANGAN KECIL
6528,,MENTARI
3985,"NEAR FEAT NINO MINGGO, YENNY KABUPUNG",SALAHKAH BERBEDA
3991,GAMMA1,CINTA PERTAMA
877,ANDIEN,METAMORFOSA
16920,,JANGAN TINGGALKAN
443,LA LUNA,CEMBURU
10133,NUMATA,TERLALU CINTA
17001,,BLESSING IN DISGUISE
16985,,SIO NONA
3373,KIDNAP KATRINA,MUAK
14975,,AKU TRESNO KOWE
12497,GRUVI,MASIH MENCINTAIMU
3401,,PENCINTA ULUNG
8602,,EASILY
11335,,TUNDUINA LAN KEMAPPARISAN
12806,,INTO THE LIGHT
16768,VICTOR PRADIPTA,LAMENT.
4390,,SUDAH BIASA
4612,,RINDU MASA KECIL
505,THE ADAMS,PESONA PERSONA
4804,THE45,HATI YANG LAIN
18010,ZEROSIX PARK,KARMA
11255,,APARA KASALANKU
5054,,KESENGSEM
16749,,DEWI CINTA
14355,CHAI,RADAR
13267,MR JARWO,UJANG DKK
7051,MUSLIH,UKHUWAH ACAPELLA
8413,OTTA TARREGA,AMBER
18322,,HATI UNTUKMU MATI
17814,NOWELA MIKHELIA,RUNNIN
2892,JUNIOR SOEMANTRI,RIBUAN SAYA
6668,ARSHA COMPOSER,ISTIMEWA
1875,,LAGU UNTUK PERSAHABATAN
9991,,HUJAN
5626,FIERSA BESARI,EPILOG
9426,"RIDA,SITA,DEWI",TAK PERLU MEMILIKI
3461,TAKE OVER X JHON PAUL IVAN,SUDAHI SAJA
3547,PONGKI BARATA,RAHASIA
13638,,STASIUN PURWOSARI
2495,KOES PLUS,MARI-MARI
412,LA LUNA,TETAP SETIA
16803,RABEN,REAL TALK
11389,ISHAK RANTE TODING,RASA DI HATIKU
3368,,IM ONLY GOOD AT FIRST DATES
18048,PERFECTA,NO MORE
7285,JUDIKA,HILANG TAPI ADA
6309,DIDI KEMPOT,PLONG
10446,CHICHA KOESWOYO,ADIKKU MANIS
17365,THE RENTENIR,ON YOUR BIRTHDAY
6934,DITA,LAGU RINDU
13751,,DARI HATI
10234,MADAHARSA,TAK LAGI SAMA
14959,THE GREAT HARVEST,KAU
9744,,INGIN LUPA
9458,PRIADHS FEAT NASYA,CANDYWINE
1749,,HATIKU PILU
17370,,TIDAK ADA SALJU DISINI PT 5
3384,,SIKLUS
5116,RAN,KARENA KUSUKA DIRIMU
12398,,PENGKHIANAT WANITA
7721,,POWERFUL NAME
14601,MONICA CHRISTIANA,MALAM TAK BERJUDUL
12308,,SAMALONA
5686,SAM BIMBO,DIA
11578,,CINTA CINTA CINTA
7660,BOBBY FEBIAN,KUNIKMATI KEBAIKANMU
11205,GANGGA,EMPTY HOUSE
4776,DUL JAELANI,SANG PEMUJA
2032,,MALAM RESAH
16546,STVE JAY,HBD MOM
10427,NO KOES,JARANAN
5379,,THE BLESSED SIGH
17201,JASON RANTI,SEKILAS INFO
13985,BROCKERS,KUINGIN
4370,,JUST YOU
16238,,VERSET II
10024,,REMBIK
6077,GAOLS NAIBAHO,LUPAHON MA HALLET MI
9456,,REDEMPTION
9747,QODIR,PENYIHIR
11413,SALMA MARGARETH,TORRO MO DIINGARAN
477,THE ADAMS,FOOL
6900,EDO MARTIN,SEKOPI
8979,,BAGINDA MUHAMMAD
7258,,KANGEN - PIANO VERSION
607,ANANG DAN KRISDAYANTI,SINARI
7610,,BLANK WAY
18057,PRIADHS FEAT MARO,GASLIGHT
17466,,MEMORI
17117,MALIK,DISTANCE
16237,,FALLING OUT OF RHYME
7453,INDRAGERSN,ROLLIN
12753,,STORY OF MY LIFE
17640,,LOVELESS
4201,LA HILA,KUPU KUPU BIRU
6577,KOES PLUS,TAKDIR KEHIDUPANKU
1455,,TAK SEINDAH MALAM KEMARIN
14548,,RAYUAN
10814,EL ALICE,KU RINDU IBU
15233,BENYAMIN S FEAT. EDDY SUD,SITI MARSITOL
15268,,ONE DAY AT A TIME
15208,,PENGANTEN
3153,MONDO GASCARO,AWKWARD
6675,AMSB FAMILY,SELALU BERSYUKUR DONG
18004,PUGAR RESTU JULIAN,SELAMAT TINGGAL
13115,,ENTE KADANG KADANG
3668,NARHA ANINDYAGUNA,A MOTHERS LOVE IN C MINOR
18162,RUB OF RUB,UBAH WARNAKU MENJADI KUNING DARI BIRU YANG MEMBELENGGU
3490,JIKUSTIK,SEPARUH HATI
18381,FIGURA RENATA,SEBUAH ANOMALI
14690,,ABADI
10071,AXL HUNILA,CUMA BUTUH ITU
9620,,HEY BITCH
9091,,27
8207,,VERLANGEN
5469,,EGO
11426,,KEINGINANKU
11158,,SUKACITA MELIMPAH
9964,"IFA FACHIR, DIMAS WIBISANA",SELESAI
3566,KAHITNA,FLY ME OVER
1754,,MY LOVE
814,RAISA,TENTANG CINTA
9052,HERI YOSELIN,COWOK SEJATI
12843,,HUJAN DI LANGIT
18326,,SAMBUTLAH HARI INI
12649,,SUNNY DAY AND SMILES
3662,,SINGGAH
16900,,NEW HOPE
775,CHRISTIE KAORI,AKU SELALU ADA
2043,KOES BERSAUDARA,PAGER KUNING
10423,,SEINDAH DULU
4699,DISKORIA FEAT DIAN SASTRO,SERENATA JIWA LARA
10221,,UNCERTAINTY
12144,NATHANIA WIBOWO,BETTER
10353,,SELAMAT JALAN SAHABATKU
10611,ALEXA,SATU KOSONG
6438,KOES PLUS,BUNGA
10416,NO KOES,BUAH JAMBU
9309,,HANYA UNTUKMU
13503,,PELARIAN
15614,,KUCARI BAYANGMU
15547,MALA AGATHA,UPDATE STATUS
14153,,CINTA MENEPI
17783,,SOAP IN MY EYE
10623,ALEXA,CINTA MELULU
754,,LABIRIN EPIDEMI
2266,KOES PLUS,AKU DAN DIA
2585,ANTI HEROES,GLOWING
9925,WILLY ANGGAWINATA,MIMPI INDAHKU
12554,,SEPENUHNYA
9321,LIGHTCRAFT,DREAM DANCER
8957,AGUS WISMAN,SHEILA
9780,,ENGKAULAH HIDUPKU
16618,"PAUL PARTOHAP, DEABDIL, REMI, AMIRA KARIN",RAYAKAN HARI INI
14194,THE BRANDALS,ANJING URBAN (SANG KORBAN II)
15593,,CINTA TAK SELALU BERSAMA
7038,,APA YANG TERJADI
17576,,PEDULI
17745,KITA-KITA,SAHABATKU BINTANG
11008,,ERWIN MINTA CUTI
3067,,BILANG SA RINDU
18084,THE CHRONICLES OF HAPPINESS RIDE AND SERVICES,PILIH AKU ATAU DIA
16509,,LET THE MUSIC ON
14573,,KABUT
13185,,() BATTESIMO
13447,ERNA ARISMA,BUANG MANTAN
16806,,POLARITAS MEDIOKRITAS
15616,,TUHAN TOLONGLAH
17421,,MANUT DALANE GUSTI
3911,ARAH,I WANT TO ROCK N ROLL
2515,,AKU PERGI
17983,ABEL HURAY,YOURE ALWAYS THE BEST
9113,,EVERYTHING I DO
9827,UND BODEVAN,WHYYOUNEEDSPACEIFYOUDONT?
12794,ALEX KUPLE,SAD STORIES
5679,,CINTA SUCI SEORANG PERAWAN
538,,MENINGGALKANMU
9497,,GGS GANTENG-GANTENG SWAG
5476,RARA,PANGGUNG GEMILANG
14539,SARAS,JOMLO HAPPY
4753,,ASMARA
8233,,MOBIL TUA
10683,,CERITA YULI
17100,KARAN AUJLA,MEXICO
12490,,HARAPANKU
13563,,BANCAR BUNCUR
7004,,MENGHARAPMU
1616,NAFF,BILA AKU PULANG
5179,,CINTA KAPAN DATANG
10770,ADI DARMAWAN,ETUDE 5
6966,,SYAIR ILAHI
5957,ADDICTIVE,WUJUDKAN
9812,LOKUS,PERUBAHAN TAK BUTUH RATING
83,,FETT SANG PEMBURU
13015,,ABSOLUTE
14831,MIMA,COME OVER
12319,,PUNCAK JATUH CINTA
1971,LESTI,ADA CERITA
16235,,TONGUE-TIED
7842,,BLOOD TRAP
5754,BIMBO,TITIAN SERAMBUT DIBELAH TUJUH
16907,,SEMESTA MERESTUI
1726,PO3THREE,KU TAK LAKU LAKU
9123,SVMMERDOSE,MORE THAN FRIENDS
11161,NDC WORSHIP,TAK TERBATAS
16519,KAPTEN PIPING,BUBUR AYAM
1502,FLANELLA,BULAN
12541,CYNATIC,FLY
17553,,BUNGA
5732,BIMBO,RASUL HANCURKAN BERHALA
9899,MR.KITTY,AFTER DARK
12868,,DAN HUJAN 1
11401,,SENGA MO TU KADAMMU
1206,NADYA FATIRA,BIASA-BIASA SAJA
2916,,HEAVEN IN HELL
659,ANANG,SEPARUH JIWAKU PERGI
2104,,PADA SIAPA
5924,"SAM, DJAKA, IIN",TAHUN 2000
18046,,BERASA MUDA
2062,KOES BERSAUDARA,WIT GEDHANG
4864,,SORAK SORAI
18241,,ANXIETY TEMAN ANAK AHENSI
2930,BAYU RISA,BETTER
1645,,BUMIKU BUMIMU
1925,,AKU MENYESAL
11193,REDO DAENG BADJIE,CAHAYA
10122,,INGATKAH DIRIKU
14785,JIS MINISTRY,LEBIH MENGASIHIMU
4549,,MAAFKAN
9985,"NEAR, MKARTIKAWATI",NANTI
88,,PROGRAM PARTY SERINGAI
2676,,TUBUHMU MEMBIRU TRAGIS
1011,,BERKILAU
14502,HUJAN ESOK HARI,CIRCLE
11965,,KITA DEWASA
5156,,MASIH BISA PANJANG
3283,,MR. NICE GUY
3177,,SAAT DUNIAKU TENGGELAM
2630,,I DONT KNOW WHAT IT IS
6150,,DALAN ANYAR
846,,NONTON BOKEP
10628,BIBUS,BILA TIBA SATU WAKTU
8714,RENNY DJAYOESMAN,ORANG MASA DEPAN
16536,STVE JAY,TERIMALAH AKU (INSTRUMENTAL)
7156,,TERIMALAH MAAFKU
1509,FLANELLA,TIGA HARI YANG LALU
3796,,"PANGERAN SENJA,PELINDUNG HUTAN"
14852,,LAMBAI
1352,,AKU BUKAN PILIHAN HATIMU
11435,,PURA-PURA BAHAGIA
772,ANIMA,AJARI AKU
11684,THE HERMANSYAH,DOA
5618,,BANDUNG
2569,,DO YOU LOVE ME?
16305,PT MENGGELORA,7 PURNAMA
15335,,DENGAN SEMARAK MAJULAH
9386,,KELAPARAN SEBELUM TIDUR
16500,ANSURYA,RIBUAN SENJA
2614,,PROBLEM IS YOU
3746,FOURTWNTY,ARGUMENTASI DIMENSI
9031,,RATU YOUTUBE
9953,,PAGI HARI
18305,GARBY BAND,SELAMAT TINGGAL
17565,DIANDRAS,FENOMENA ROMANSA
602,,HANYA TUHAN
3672,NARHA ANINDYAGUNA,WAKE UP
17040,,MODUS OPERANDI
2052,KOES BERSAUDARA,MINGGU MALAM
14434,,LEBIH BAIK (REMASTERED)
9074,,TAKUT
2525,,NO FRUITS FOR TODAY
13834,CHASEIRO,SEANDAINYA SEDERHANA
18196,,DI BAWAH LAMPU
10139,AUDY,PERGI CINTA
3764,ASTERISKA,DISTANCE
2459,KOES PLUS,MARI BERNYANYI
17655,HAVINHELL,WAKE ME UP
978,,BICARA
2980,MARIA SIMORANGKIR,YAKIN BAHAGIA
11577,,ISIM DHOMIR
6714,,SEMBUHKAN JENUH
10882,,SELAMAT PAGI
18055,,IKI PIYE
11520,,ALIF (SASTRO GENDING)
6771,,GAK ADA MANGGUNGNYA
6629,OM PMR (PENGANTAR MINUM RACUN),INAGURASI
2681,,KENAKALAN REMAJA DI ERA INFORMATIKA
8339,,BEFORE ITS TOO LATE
12370,SOUND DA' CLAN,CINTA
2044,KOES BERSAUDARA,HANYA KEPADAKU
17225,,HUKUM DALAM NEGERI
15399,"CONNECT WORSHIP,BOBBY FEBIAN,GRACIA THOMAS",CINTA SEMPURNA
9658,,TOKI-TOKI (BUAYA)
314,,SURRENDER
12861,GARDIKA GIGIH PRADIPTA,PENANTIAN
13527,,KERTAS PUTIH
10999,MAN,INA
4664,NAIF,CANDU DUNIAWI
17033,,BERTAHANLAH SEDIKIT LEBIH LAMA
1786,SHERINA,SINGING PIXIE
5630,,HOME
8567,PUTI CHITARA,THE SWEET NIGHTMARE
13889,ZEKE KHASELI,ENTER THE SPIDER
6872,,UNTUNG ADA KAMU
5936,,NARADIRA
11668,ADY,CINTA TAK BERARAH
2612,ANDRE HARIHANDOYO & SONIC PEOPLE,WHO TOOK MY MONEY
10888,,IKHTISAR
4077,,SELALU CINTA
14486,,PRETTY LIES
3049,,BIAR SA YANG MENGALAH
1760,SETIA,SAKIT HATI
6726,WIDEKS,TAK SEINDAH HARAP
818,RAISA,LOVE YOU LONGER
18109,ELEMENT,TAK TERSISA
8686,DHANIS MARTIN,KUSEMATKAN CINTAKU
1639,NAFF,KUINGIN KAU SELALU ADA
1596,MAUDY AYUNDA,I AM MORE
2796,MARION JOLA,DAMBA
1836,ST12,PANGERAN CINTA
3209,DIDITSAAD,SURAT KALENG
4646,RUTH SAHANAYA,COBA LAGI
2205,KOES PLUS,PADANG LUAS
13846,"KARIMATA, LYDIA NURSAID, DIAN P P",RINTANGAN
15201,BENYAMIN S,NGUPI
2228,,DATANGLAH
16295,,DEKAPMU
10788,,LET THE MUSIC
12580,,LUCKY MAN
1948,,TAK BISA BERSAMA
4821,DIKSORIA,BALADA INSAN MUDA
1710,,CITY LIGHTS
16233,NEONOMORA,HEARTLESS
15389,,YESUS KEMENANGANKU
15653,AUFA,OTHER TIMES
6907,,GETUN
17465,"CONNECT WORSHIP, BOBBY FEBIAN",KAU LAYAK
10865,,JHUNG KEJHUNGAN 1
11606,,ONLY YOU
2719,YOLANDA THEODORA,MR. RIGHT
17420,"ARIBOWOID, GORAT.ID",MALIOBORO NINGGAL CERITO
6605,,SEPERTI DULU
994,JEMIMA,PIPE TOMAHAWK
10360,RIZKA ZAHRA TAMIRA,"MAJU FRI, MAJULAH NEGERI"
12170,TCASH,SIANA
18323,RCKA,KATA TETANGGA
4634,,MASA KECIL